gap_id,kind,layer,description,machines,proposal,resolved,resolution
G-enc-gr,technology,L2 encoding,"ground-Rydberg analog qubit — The computational states of an analog Rydberg machine are the ground and Rydberg levels, not hyperfine ground states. enc_hf is the hyperfine ground-state qubit and does not describe them.",quera-aquila;pasqal-fresnel;pasqal-orion,"New station enc_gr on atom_rb and atom_ae, with the Rydberg lifetime rather than the hyperfine coherence as its headline attribute.",2026-09-26,Map station `enc_gr` (revision of 26 Sep 2026; D3/D4)
G-enc-clock,technology,L2 encoding,"optical clock-transition qubit — A 1S0-3P0 optical clock qubit is neither hyperfine nor nuclear-spin, and its coherence (10-100 ms) is three orders below every other occupant of enc_hf because it is laser-linewidth-limited.",planqc-maqcs,"New station enc_clock on atom_ae, carrying the laser-linewidth limit as an explicit attribute.",,
G-enc-none,sentinel,L2 encoding,no encoding layer (analog and sampling machines) — Annealers and Gaussian-boson-sampling machines have no L2 object at all. The anneal path already declares an empty L2; leaving it implicit makes the gap read as an omission rather than a decision.,xanadu-borealis;ustc-jiuzhang4;dwave-advantage;dwave-advantage2;qilimanjaro,"A shared enc_none sentinel so ""no encoding"" is a recorded choice, reachable from anneal and ph_cv.",2026-09-26,cell value `none` (D5: not a gap)
G-dimon,technology,L1 carrier,multimode single-device dual rail — OQC's Dimon is one fixed-frequency device with three islands and two junctions operated as a dual-rail qubit. The transmon node describes a two-level anharmonic oscillator and cannot express a multimode single-device rail pair.,oqc-genesis-16,"New carrier station multimode_transmon on dualrail, or a mode-count attribute on transmon.",,
G-rip,technology,L3 gate,"resonator-induced-phase / parametric all-microwave 2Q on fluxonium — Not cross-resonance (g_cr) and not a flux-tunable coupler (g_tc): a fixed-coupling, all-microwave parametric gate on low-frequency qubits.",google-fluxonium,"New station g_rip on sc, listing fluxonium as its native carrier.",,
G-gate-unpub,sentinel,L3 gate,"gate mechanism not published — Nine deployed or shipping machines publish no entangling-gate name, time or fidelity. Assigning the nearest node silently manufactures a fact.",ctqg-tianyan-504;riken-64q;riken-fujitsu-256q;fujitsu-1000q;academia-sinica-20q;oqc-toshiko-32;oqc-genesis-16;seeqc-sfq-5q;quamcore,"A g_undisclosed sentinel so the register can distinguish ""we do not know"" from ""there is none"".",2026-09-26,cell value `undisclosed` (D5: not a gap)
G-rydanalog,technology,L3 gate,analog Rydberg Hamiltonian evolution — g_ryd is a discrete blockade CZ; g_anneal is an rf-SQUID flux annealer. Neither describes a programmable Rydberg Ising quench with global drive and local detuning.,quera-aquila;pasqal-fresnel;pasqal-orion,New station g_rydanalog on atom_rb and atom_ae.,2026-09-26,Map station `g_rydanalog` (revision of 26 Sep 2026; D3/D4)
G-isinganalog,technology,L3 gate,global analog Ising evolution in a 2-D ion crystal — A 512-ion Coulomb crystal driven globally is an analog simulator on an ion carrier. g_ms is a discrete entangling gate.,tsinghua-512-ion,"New station g_isingcrystal on ion_qccd, paired with the L4 gap below.",,
G-nogate,sentinel,L3 gate,no entangling gate demonstrated — The largest atom array in the world has no two-qubit operation. A register that defaults to g_ryd here silently promotes it to a gate-model machine.,harvard-continuous-3000;caltech-6100,"A g_none sentinel, distinct from g_undisclosed.",2026-09-26,cell value `none` (D5: not a gap)
G-lointer,technology,L3 gate,programmable linear-optical interferometer with no entangling primitive — Sampling machines have a gate layer with nothing gate-like in it. g_fusion implies a heralded Bell measurement they never perform; g_cv implies feed-forward they do not have.,xanadu-borealis;orca-pt2;ustc-jiuzhang4,New station g_lo_sampling on ph_cv and ph_fusion.,2026-09-26,Map station `g_lointer` (revision of 26 Sep 2026; D3/D4)
G-bus,technology,L4 connect,central computational bus resonator — A shared multi-qubit resonator giving all-to-all inside a cell is neither a static nearest-neighbour lattice (cx_nn) nor point-to-point long-range couplers (cx_lr). This is the clearest single-node gap the Map has at L4 for superconducting.,iqm-star-24;iqm-halocene-150;it4i-vlq;drdo-tifr-tcs-6q,"New station cx_busres on sc, with cell size and bus-mode count as attributes.",,
G-conveyor,technology,L4 connect,"optical-lattice conveyor transport — cx_aod is explicitly AOD tweezer moves of hundreds of micrometres in 0.4-1.6 ms. A half-metre conveyor belt carrying 300,000 atoms per second is a different mechanism and is the enabler for indefinite-depth atom computing.",harvard-continuous-3000,New station cx_conveyor on atom_rb and atom_ae.,2026-09-26,Map station `cx_reload` (revision of 26 Sep 2026; D3/D4)
G-lattice,technology,L4 connect,optical-lattice site grid with sequential reloading — A lattice-held register with no per-atom moves has no Map node; cx_aod presumes tweezer transport.,planqc-maqcs;icfo-quione,New station cx_lattice on atom_ae.,,
G-crystal,technology,L4 connect,"static 2-D Coulomb crystal, power-law all-to-all — Neither cx_bus (1-D chain modes) nor cx_qccd (shuttling) describes a static 2-D crystal with power-law coupling and no transport.",tsinghua-512-ion,New station cx_crystal on ion_qccd.,,
G-optlink,technology,L4 connect,"optical any-to-any link used as the connectivity layer — Entanglement-First collapses L4 and L9 into one physical mechanism. The defect path forces cx_nn at L4, which inverts the architecture's central claim.",photonic-inc,"New station cx_optlink on defect, plus permission for one node to occupy two layers.",,
G-vio,technology,L5 control / L10 fab,"out-of-plane vertical signal delivery — Coaxmon, VIO and perpendicular wiring are all still room-temperature electronics, so the Map cannot distinguish them from a coax-per-qubit machine - yet this is precisely the axis on which they compete.",riken-64q;riken-fujitsu-256q;fujitsu-1000q;fujitsu-10000q;oqc-toshiko-32;oqc-genesis-16;quantware-contralto-a17;quantware-tenor-d64;quantware-vio-40k,"New station ct_vio on sc and dualrail, with lines-per-qubit and routing-layer count as attributes.",2026-09-26,Map station `ct_vio` (revision of 26 Sep 2026; D3/D4)
G-ionaod,technology,L5 control,free-space AOM/AOD laser addressing for ions — ct_ionlaser is in-trap waveguide delivery; ct_ionmw is laser-free microwave. The single most common ion control stack in the world - a room-temperature optical bench with multi-channel acousto-optic addressing - has no node.,ionq-aria;ionq-forte;ionq-tempo;ionq-ba133-qldpc-testbed;aqt-ibex-q1;uibk-innsbruck-ion;umd-duke-ion;tsinghua-512-ion;qudoor-abaq,New station ct_ionaod on ion_qccd and ion_elec.,2026-09-26,Map station `ct_ionaod` (revision of 26 Sep 2026; D3/D4)
G-nvroom,technology,L5 control,"room-temperature microwave and optical spin control — The defect path assigns ct_base (voltage pulses on gates), which describes quantum-dot and Majorana control, not NV control by microwave drive, green-laser initialisation and optical readout.",quantum-brilliance-quoll,New station ct_nvopt on defect.,,
G-calib,technology,L5 control / L8,"calibration and frequency choreography — Snake optimisation, ABAA junction trimming, post-fab laser trimming and PALEA all occupy the same architectural slot and all move measured error by multiples. dec_rl covers only reinforcement learning inside a QEC loop.",google-willow;academia-sinica-20q;rigetti-cepheus-1-36q;rigetti-cepheus-1-108q,"A ct_calib station, or a calibration-regime attribute on every L5 node.",,
G-ctrl-unpub,sentinel,L5 control,"control stack undisclosed — A vendor with a nine-figure Series A discloses no ion species, qubit count, gate mechanism or control architecture.",quantum-art-multicore,Reuse the undisclosed sentinel pattern at every layer rather than forcing a nearest node.,2026-09-26,cell value `undisclosed` (D5: not a gap)
G-qsoc,technology,L5 control,qubits and controller on one die — ct_cryocmos describes a separate ASIC at 4 K or 7 mK. A single 22FDX die carrying qubits and controller at 0.3 K with no dilution refrigerator is a different object.,equal1-bell-1,A co-integration attribute on ct_cryocmos (separate-ASIC / same-die) plus the operating temperature.,,
G-lru,technology,L6 readout,"leakage-reduction units — Google's DQLR needs four dedicated leakage-removal qubits and extra DC lines; USTC's all-microwave LRU needs neither. This is the single biggest technical difference between the only two below-threshold superconducting memories in existence, and it has no station.",google-willow;ustc-zuchongzhi-3.2,"New station ro_lru on sc, or a sub-layer L6b for in-cycle state-hygiene operations.",,
G-reset,technology,L6 readout,"fast unconditional or dissipative reset — Reset is a per-cycle cost term in every surface-code budget. Nighthawk r2's high-dynamic-range coupler to a cold bath, USTC's in-cycle ancilla reset and Google's 160 ns reset have no station.",ibm-nighthawk-r2;ibm-loon;google-sycamore-72;ustc-zuchongzhi-3.2,"New station ro_reset on sc, cat and dualrail, with reset time and residual population as attributes.",2026-09-26,Map station `ro_reset` (revision of 26 Sep 2026; D3/D4)
G-homodyne,technology,L6 readout,"homodyne quadrature detection with a shared local oscillator — ro_spd (SNSPD/TES photon counting) is the heralding path of a CV machine, not its computational readout. The ph_cv path currently has no correct L6.",xanadu-borealis;xanadu-aurora,New station ro_homodyne on ph_cv.,2026-09-26,Map station `ro_homodyne` (revision of 26 Sep 2026; D3/D4)
G-fluxro,technology,L6 readout,"QFP / SQUID flux readout through on-chip shift registers — The anneal path assigns ro_disp, which describes transmon dispersive readout with a parametric amplifier. D-Wave does not read out that way.",dwave-advantage;dwave-advantage2;qilimanjaro,New station ro_flux on anneal.,2026-09-26,Map station `ro_fluxro` (revision of 26 Sep 2026; D3/D4)
G-none7,sentinel,L7 code,no code (NISQ) — Eighty-seven of the 136 machines carry no code station of any kind - they run no QEC code at all. The Map forces either a false code claim or a blank cell.,ibm-eagle;ibm-osprey;ibm-condor;ibm-egret;ibm-heron-r1;ibm-nighthawk-r1;ibm-nighthawk-r2;ibm-loon;google-sycamore-54;google-fluxonium;ustc-zuchongzhi-2.1;ustc-zuchongzhi-3.0;ctqg-tianyan-176;ctqg-tianyan-287;ctqg-tianyan-504;originq-wukong-102;originq-wukong-180;baqis-baihua-156;baqis-dongling-130;baqis-haituo-117;baqis-scq136;spinq-ursa-major;zhuangzi-2.0;riken-64q;riken-fujitsu-256q;fujitsu-1000q;toshiba-dtc;kriss-20q;qpiai-indus-25;qpiai-kaveri-64;academia-sinica-20q;rigetti-ankaa-3;rigetti-cepheus-1-36q;rigetti-cepheus-1-108q;iqm-garnet-20;iqm-emerald-54;iqm-star-24;iqm-halocene-150;oqc-toshiko-32;oqc-genesis-16;quantware-contralto-a17;quantware-tenor-d64;quantware-vio-40k;seeqc-sfq-5q;anyon-monarq-24;qolab-iqcc;iqcc-facility;quamcore;dwave-dualrail-17;ionq-aria;ionq-forte;ionq-oxford-quartet;aqt-ibex-q1;eleqtron-jion;universal-quantum-iqpu;quantum-art-multicore;tsinghua-512-ion;qudora-nfqc;qudoor-abaq;quera-aquila;harvard-continuous-3000;pasqal-fresnel;pasqal-orion;pasqal-vela;planqc-maqcs;caltech-6100;hanyuan-1;hanyuan-2;qinghe-1;xanadu-borealis;quandela-belenos;quandela-lucy;orca-pt2;quix-carina;ustc-jiuzhang4;intel-tunnel-falls;quantum-motion-qm-one;sqc-11q;equal1-bell-1;quobly;hitachi-intel18a;groove-quantum;quantum-brilliance-quoll;dwave-advantage;dwave-advantage2;qilimanjaro;qxl-neutral-atom-50,"A code_none sentinel on every path, so ""no code"" is distinguishable from ""not yet recorded"".",2026-09-26,cell value `none` (D5: not a gap)
G-mitig,technology,L7 code,"error mitigation as the occupant of the code slot — ZNE, PEC and tensor-network post-processing are what actually occupy the code slot on every NISQ machine and on all three IBM July-2026 advantage claims. It is not error correction, but it is not nothing.",ibm-eagle;ibm-heron-r1;ibm-heron-r3;ibm-nighthawk-r1;ibm-nighthawk-r2;ustc-zuchongzhi-3.0;ctqg-tianyan-287,"New station code_mitig on sc, atom_rb and ion paths, explicitly flagged as non-correcting.",2026-09-26,Map station `code_mitig` (revision of 26 Sep 2026; D3/D4)
G-detect7,technology,L7 code,"error-detection-only codes on the sc path — sc slot 7 lists only correcting codes. [[4,2,2]], d=2 surface, [[4,1,2]] and the IBM/UChicago spacetime code are detection codes and are what shipped.",ibm-falcon;ibm-heron-r2;ibm-heron-r3;originq-wukong-72;rigetti-ankaa-2,"Add the detection family to sc slot 7, or a detect-vs-correct attribute on each code node.",2026-09-26,Map station `code_detect` (revision of 26 Sep 2026; D3/D4)
G-analogrot,technology,L7 code,distillation-free analog rotation by direct injection — STAR's whole point is avoiding magic-state distillation: arbitrary-angle rotations are injected directly and carry residual error by design. The Map has no station for that trade.,fujitsu-10000q,New station code_analogrot on sc and atom_ae.,,
G-pathcode,technology,L7 code,"path-membership gap for qLDPC — SHYPS on defect, generalized-bicycle Pinnacle on spin_qd and honeycomb-Floquet on topo are all named codes for platforms whose L7 slot lists cannot reach them.",microsoft-majorana-1,"Extend the slot lists rather than adding nodes: code_qldpc on defect, spin_qd and topo; honeycomb_floquet on topo.",,"partly: `code_qldpc` added to the defect and spin_qd slots (diraq-imec-8q, photonic-inc) on 26 Sep 2026; the honeycomb Floquet code on topo remains a gap"
G-toric,technology,L7 code,toric versus rotated surface code — code_surface is the rotated surface code. Atom Computing ran the periodic-boundary toric code; the boundary condition changes the qubit count and the logical operator structure.,atom-computing-phoenix,"A boundary attribute on code_surface, or promote the existing toric code id to its own station.",,
G-subsystem,technology,L7 code,"subsystem codes have no fitting station — Bacon-Shor is a subsystem code with weight-2 checks, cheap on a single ion chain. code_highrate is described as concatenated and high-rate, which Bacon-Shor is not.",umd-duke-ion,New station code_subsystem on ion_qccd and sc.,,
G-none8,sentinel,L8 decoder,"no decoder, and no deployment-mode axis — The L8 nodes name algorithms, not whether the decoder runs in-loop, streaming or offline. That distinction is the whole difference between Google's below-threshold memory and USTC's, and between IBM's Relay-BP benchmark and a QEC loop.",ibm-falcon;ibm-eagle;ibm-osprey;ibm-condor;ibm-egret;ibm-heron-r1;ibm-heron-r2;ibm-heron-r3;ibm-nighthawk-r1;ibm-nighthawk-r2;ibm-loon;google-sycamore-54;google-sycamore-72;google-fluxonium;ustc-zuchongzhi-2.1;ustc-zuchongzhi-3.0;ustc-zuchongzhi-3.2;zju-125q;tsinghua-kunlun-32;ctqg-tianyan-176;ctqg-tianyan-287;ctqg-tianyan-504;originq-wukong-72;originq-wukong-102;originq-wukong-180;baqis-baihua-156;baqis-dongling-130;baqis-haituo-117;baqis-scq136;spinq-ursa-major;zhuangzi-2.0;riken-64q;riken-fujitsu-256q;fujitsu-1000q;toshiba-dtc;kriss-20q;qpiai-indus-25;qpiai-kaveri-64;academia-sinica-20q;rigetti-ankaa-3;rigetti-cepheus-1-36q;rigetti-cepheus-1-108q;iqm-garnet-20;iqm-emerald-54;iqm-star-24;iqm-halocene-150;oqc-toshiko-32;oqc-genesis-16;quantware-contralto-a17;quantware-tenor-d64;quantware-vio-40k;seeqc-sfq-5q;anyon-monarq-24;qolab-iqcc;iqcc-facility;quamcore;aws-ocelot;aws-dualrail;aliceandbob-boson-4;aliceandbob-helium-2;aliceandbob-helium;aliceandbob-graphene;qci-seeker-8;dwave-dualrail-17;sustc-biased-erasure;ionq-aria;ionq-forte;ionq-oxford-quartet;aqt-ibex-q1;eleqtron-jion;universal-quantum-iqpu;quantum-art-multicore;tsinghua-512-ion;qudora-nfqc;qudoor-abaq;quera-aquila;harvard-continuous-3000;pasqal-fresnel;pasqal-orion;pasqal-vela;planqc-maqcs;caltech-6100;hanyuan-1;hanyuan-2;qinghe-1;xanadu-borealis;quandela-belenos;quandela-lucy;orca-pt2;quix-carina;ustc-jiuzhang4;intel-tunnel-falls;diraq-imec-8q;quantum-motion-qm-one;sqc-11q;equal1-bell-1;quobly;hitachi-intel18a;groove-quantum;photonic-inc;quantum-brilliance-quoll;microsoft-majorana-1;dwave-advantage;dwave-advantage2;qilimanjaro,A dec_none sentinel plus a mandatory mode attribute (in-loop / streaming / offline / replay) on every dec_* node.,2026-09-26,cell value `none` (D5: not a gap)
G-lut,technology,L8 decoder,real-time lookup-table decoder — The longest-running in-loop decoder on any platform - Quantinuum since 2021 - is a table lookup. No dec_* node covers it.,quantinuum-h1;quantinuum-h2,New station dec_lut on ion_qccd.,,
G-frontier,technology,L8 decoder,"block decoder for concatenated high-rate codes — Quantinuum's Frontier is neither matching, nor belief propagation, nor a GPU platform layer: it is a block-specific decoder for concatenated codes.",quantinuum-helix,New station dec_block on ion_qccd and ion_elec.,,
G-beam,technology,L8 decoder,search decoder for qLDPC — Beam search (Delfosse) decoded nine codes on one ion device. The Map's L8 set has no search decoder.,ionq-tempo;ionq-ba133-qldpc-testbed,New station dec_search on ion_elec and sc.,,
G-coherent,technology,L8 decoder,"coherent, measurement-free decoding — The syndrome is mapped into an ancilla register and corrected by a unitary. Every dec_* node presumes a classical decoder and a latency; this one is latency-free by construction.",uibk-innsbruck-ion,"New station dec_coherent on ion_qccd, flagged as removing the classical reaction time from the FT loop.",,
G-auton,technology,L8 decoder,"autonomous stabilisation and analog decoding — Nord Quantique runs no classical decoder at all, and GKP decoding is a closest-vector problem over an analog syndrome. The cat path's only decoder is dec_mwpm, which is wrong for these machines.",nordquantique-gkp;nordquantique-tesseract,New station dec_analog on cat and ph_cv.,,
G-none9,sentinel,L9 interconnect,"monolithic, single module — Ninety-eight of the 136 machines have no interconnect at all. ic_mcm, ic_cryolink and ic_transducer all assert something untrue of them.",ibm-falcon;ibm-eagle;ibm-osprey;ibm-condor;ibm-egret;ibm-heron-r1;ibm-heron-r2;ibm-heron-r3;ibm-nighthawk-r1;ibm-nighthawk-r2;ibm-loon;google-willow;google-fluxonium;ustc-zuchongzhi-2.1;zju-125q;tsinghua-kunlun-32;ctqg-tianyan-176;ctqg-tianyan-504;originq-wukong-72;originq-wukong-102;originq-wukong-180;baqis-baihua-156;baqis-dongling-130;baqis-haituo-117;baqis-scq136;spinq-ursa-major;zhuangzi-2.0;riken-64q;riken-fujitsu-256q;fujitsu-1000q;toshiba-dtc;kriss-20q;qpiai-indus-25;rigetti-ankaa-2;rigetti-ankaa-3;iqm-garnet-20;iqm-emerald-54;iqm-star-24;iqm-halocene-150;oqc-toshiko-32;oqc-genesis-16;quantware-contralto-a17;quantware-tenor-d64;anyon-monarq-24;qolab-iqcc;iqcc-facility;quamcore;aws-dualrail;aliceandbob-boson-4;aliceandbob-helium-2;aliceandbob-helium;aliceandbob-graphene;nordquantique-gkp;nordquantique-tesseract;sustc-biased-erasure;quantinuum-h1;quantinuum-h2;quantinuum-helios;quantinuum-helix;quantinuum-sol;ionq-aria;ionq-forte;ionq-tempo;ionq-ba133-qldpc-testbed;ionq-oxford-quartet;aqt-ibex-q1;eleqtron-jion;uibk-innsbruck-ion;tsinghua-512-ion;qudora-nfqc;qudoor-abaq;quera-aquila;quera-gemini;harvard-448;harvard-continuous-3000;atom-computing-phoenix;atom-computing-magne;pasqal-fresnel;pasqal-orion;pasqal-vela;infleqtion-sqale;caltech-6100;princeton-yb-erasure;yaqumo-yb;hanyuan-1;qinghe-1;xanadu-borealis;quandela-belenos;quandela-lucy;orca-pt2;quix-carina;ustc-jiuzhang4;quantum-brilliance-quoll;microsoft-majorana-1;dwave-advantage;dwave-advantage2;qilimanjaro;qxl-neutral-atom-50,"An ic_none sentinel, so ""no link"" is distinguishable from ""link not yet classified"".",2026-09-26,cell value `none` (D5: not a gap)
G-multidie,technology,L9 interconnect,"multi-die packaging inside one qubit module — An aluminium die flip-chipped to a tantalum die, or a qubit wafer bump-bonded to a control wafer, is materials partitioning, not chiplet tiling into one lattice. ic_mcm means the latter.",google-sycamore-54;google-sycamore-72;ustc-zuchongzhi-3.0;ustc-zuchongzhi-3.2;ctqg-tianyan-287;qpiai-kaveri-64;academia-sinica-20q;seeqc-sfq-5q;aws-ocelot,"New station ic_multidie on sc, cat and dualrail.",2026-09-26,Map station `ic_multidie` (revision of 26 Sep 2026; D3/D4)
G-ionmatter,technology,L9 interconnect,"inter-module matter link — Ion transfer between separate trap chips at 2,424 transfers per second with loss infidelity below 7e-8 is peer-reviewed and demonstrated. ic_ionphoton is photonic; cx_qccd is intra-module.",universal-quantum-iqpu,New station ic_ionmatter on ion_elec and ion_qccd.,,
G-spinl9,technology,L9 interconnect,"the spin paths have no L9 slot at all — Intel's Pando Tree (a mK signal router fanning out to 64 channels), Hitachi's 3-D stacked cryo-wiring and Equal1's QSoC are all interconnect-layer artefacts, and multi-chip spin modules sit on three roadmaps.",intel-tunnel-falls;diraq-imec-8q;quantum-motion-qm-one;sqc-11q;equal1-bell-1;quobly;hitachi-intel18a;groove-quantum,"Open an L9 slot on spin_qd and spin_donor, and add an ic_router station for on-chip signal fan-out.",2026-09-26,Map station `ic_fanout` (revision of 26 Sep 2026; D3/D4)
G-corelink,sentinel,L9 interconnect,"inter-core link, mechanism undisclosed — Three multi-core machines describe cores without describing what joins them; a dual-isotope design hints at species-selective addressing rather than a link at all.",quantum-art-multicore;planqc-maqcs;hanyuan-2,"The undisclosed sentinel again, with a required ""mechanism"" field once disclosed.",2026-09-26,cell value `undisclosed` (D5: not a gap)
G-bulkoptics,technology,L10 fab,bulk-optics and fibre-assembly photonic manufacturing — fab_pic is a 300 mm PIC foundry and fab_optics is scoped to the ion and atom paths. The machines holding the sampling records are built neither way.,xanadu-borealis;orca-pt2;ustc-jiuzhang4,"Extend fab_optics to ph_cv and ph_fusion, or add fab_bulk.",2026-09-26,Map station `fab_bulk` (revision of 26 Sep 2026; D3/D4)
G-sicolour,technology,L10 fab,Si-28 colour-centre plus silicon-photonics co-fabrication — fab_diamond is diamond-only; fab_pic sits on the photonic paths. T centres are a silicon-foundry product and the defect path cannot say so.,photonic-inc,New station fab_sicolour on defect.,,
G-twofab,technology,L10 fab,one machine needs two L10 nodes — A quantum-dot single-photon source is an MBE III-V product and its interferometer mesh is a SiN PIC. The schema allows one primary per layer.,quandela-belenos;quandela-lucy,"Allow multiple primaries at L10, or a composite fab node with named sub-processes.",,
G-cryo,structural,no layer exists,"cryogenic plant and thermal budget — Cooling power at millikelvin, wall power, wiring cross-section, footprint, mass and serviceability are first-order scaling constraints - two jointly cooled 2.75 cubic-metre cryostats at 32 uW and 30 kW per module, a 40 kW cat-qubit cabinet, a 3 kW cryogenics-free atom rack, a 1,600 W self-cooled spin server, 30 W per photonic cabinet at 2 K - and the Map has no layer for any of it.",ibm-condor;ibm-starling;ibm-bluejay;riken-fujitsu-256q;quamcore;aliceandbob-helium;psiquantum-omega;dwave-advantage2;equal1-bell-1;pasqal-orion,"Open an eleventh layer, plant, with stations for dilution refrigerator, 4 K pulse-tube, sub-kelvin cryogen-free, liquid-helium circulation and room-temperature vacuum, keyed by cooling power, wall power and lines per qubit.",,
G-codeid,structural,code register,"codes with no stage-1 id — Three code families that carry real hardware results still have no id in the stage-1 register: Iceberg [[n,n-2,2]] (Quantinuum Helios, up to 94 error-detected logical qubits), the carbon code (Quantinuum H2) and C4-Helix (the [[20,2,6]] concatenation on Helios). Two more were closed in Sep 2026: css_4_1_2 and spacetime_circuit are now stage-1 ids and the machines that ran them carry them.",quantinuum-h2;quantinuum-helios;quantinuum-helix,"Add the remaining three to the codes register with their measured instances, or record explicitly why they are out of scope.",,
G-err1q,structural,record keys,"no record key for single-qubit gate error — The Map's 27 record keys carry t1q (single-qubit gate time) and err_2q_parallel, but no key for single-qubit gate error. Five machines publish a 1Q infidelity as their headline control number and it has nowhere to go: Helios 2.5e-5, QUARTET 1.5e-7 (unshielded), IBEX Q1 3.4e-4, Caltech 2e-4, SQC 1e-4.",quantinuum-helios;ionq-oxford-quartet;aqt-ibex-q1;caltech-6100;sqc-11q,"Add an err_1q record key alongside err_2q_parallel, so a 1Q infidelity is not filed under a time key.",,
