roadmap_id,org,machine_id,year,q_r,eps_r,g_r,algorithm_id,verdict,deficit,note,refs
ibm-starling,IBM,ibm-starling,2029,200,1e-8 (derived from the gate budget),1e8,hubbard-lattice,FEASIBLE,—,the only roadmap whose logical error is derived rather than published,ibm-ftqc
ibm-starling,IBM,ibm-starling,2029,200,1e-8 (derived from the gate budget),1e8,dynamics-trotter,SHORT,"x1.1 q / x1,031 err",the only roadmap whose logical error is derived rather than published,ibm-ftqc
ibm-starling,IBM,ibm-starling,2029,200,1e-8 (derived from the gate budget),1e8,cuprate-pnictide,SHORT,x5 q,the only roadmap whose logical error is derived rather than published,ibm-ftqc
ibm-starling,IBM,ibm-starling,2029,200,1e-8 (derived from the gate budget),1e8,shor-ecdlp256,SHORT,x6 q; error and gate budget marginal pass,the only roadmap whose logical error is derived rather than published,ibm-ftqc
ibm-starling,IBM,ibm-starling,2029,200,1e-8 (derived from the gate budget),1e8,qpe-femoco,SHORT,x7.3 q / x10 err / x10 gates,the only roadmap whose logical error is derived rather than published,ibm-ftqc
ibm-starling,IBM,ibm-starling,2029,200,1e-8 (derived from the gate budget),1e8,qpe-p450,SHORT,x5 q / x17 err / x17 gates,the only roadmap whose logical error is derived rather than published,ibm-ftqc
ibm-starling,IBM,ibm-starling,2029,200,1e-8 (derived from the gate budget),1e8,shor-rsa2048,SHORT,x7 q / x67 err / x65 gates,the only roadmap whose logical error is derived rather than published,ibm-ftqc
ibm-starling,IBM,ibm-starling,2029,200,1e-8 (derived from the gate budget),1e8,qpe-catalyst,SHORT,"x14 q / x1.6e6 err / x5,400 gates",the only roadmap whose logical error is derived rather than published,ibm-ftqc
ibm-bluejay,IBM,ibm-bluejay,2033+,"2,000",1e-9 (derived),1e9,hubbard-lattice,FEASIBLE,—,the only published roadmap within one order of magnitude of a cryptographically relevant machine; the Blue Jay figures are not restated in the cited blog - not re-fetched,ibm-ftqc;ibm-roadmap2026
ibm-bluejay,IBM,ibm-bluejay,2033+,"2,000",1e-9 (derived),1e9,dynamics-trotter,SHORT,x103 err at the paper budget; FEASIBLE under the 1/N rule,the only published roadmap within one order of magnitude of a cryptographically relevant machine; the Blue Jay figures are not restated in the cited blog - not re-fetched,ibm-ftqc;ibm-roadmap2026
ibm-bluejay,IBM,ibm-bluejay,2033+,"2,000",1e-9 (derived),1e9,cuprate-pnictide,FEASIBLE,—,the only published roadmap within one order of magnitude of a cryptographically relevant machine; the Blue Jay figures are not restated in the cited blog - not re-fetched,ibm-ftqc;ibm-roadmap2026
ibm-bluejay,IBM,ibm-bluejay,2033+,"2,000",1e-9 (derived),1e9,shor-ecdlp256,FEASIBLE,—,the only published roadmap within one order of magnitude of a cryptographically relevant machine; the Blue Jay figures are not restated in the cited blog - not re-fetched,ibm-ftqc;ibm-roadmap2026
ibm-bluejay,IBM,ibm-bluejay,2033+,"2,000",1e-9 (derived),1e9,qpe-femoco,FEASIBLE,marginal on error and gate budget,the only published roadmap within one order of magnitude of a cryptographically relevant machine; the Blue Jay figures are not restated in the cited blog - not re-fetched,ibm-ftqc;ibm-roadmap2026
ibm-bluejay,IBM,ibm-bluejay,2033+,"2,000",1e-9 (derived),1e9,qpe-p450,SHORT,x1.7 err / x1.7 gates,the only published roadmap within one order of magnitude of a cryptographically relevant machine; the Blue Jay figures are not restated in the cited blog - not re-fetched,ibm-ftqc;ibm-roadmap2026
ibm-bluejay,IBM,ibm-bluejay,2033+,"2,000",1e-9 (derived),1e9,shor-rsa2048,SHORT,x6.7 err / x6.5 gates; qubits pass,the only published roadmap within one order of magnitude of a cryptographically relevant machine; the Blue Jay figures are not restated in the cited blog - not re-fetched,ibm-ftqc;ibm-roadmap2026
ibm-bluejay,IBM,ibm-bluejay,2033+,"2,000",1e-9 (derived),1e9,qpe-catalyst,SHORT,x1.4 q / x1.6e5 err / x540 gates,the only published roadmap within one order of magnitude of a cryptographically relevant machine; the Blue Jay figures are not restated in the cited blog - not re-fetched,ibm-ftqc;ibm-roadmap2026
google-m6,Google,google-willow,within the decade,"1,000 logical (1e6 physical)",1e-13,—,hubbard-lattice,FEASIBLE,—,clears RSA-2048 on error and misses on qubits by only 1.4x,willow-qec;gidney
google-m6,Google,google-willow,within the decade,"1,000 logical (1e6 physical)",1e-13,—,dynamics-trotter,FEASIBLE,—,clears RSA-2048 on error and misses on qubits by only 1.4x,willow-qec;gidney
google-m6,Google,google-willow,within the decade,"1,000 logical (1e6 physical)",1e-13,—,cuprate-pnictide,FEASIBLE,—,clears RSA-2048 on error and misses on qubits by only 1.4x,willow-qec;gidney
google-m6,Google,google-willow,within the decade,"1,000 logical (1e6 physical)",1e-13,—,shor-ecdlp256,SHORT,x1.2 q,clears RSA-2048 on error and misses on qubits by only 1.4x,willow-qec;gidney
google-m6,Google,google-willow,within the decade,"1,000 logical (1e6 physical)",1e-13,—,qpe-femoco,SHORT,x1.5 q,clears RSA-2048 on error and misses on qubits by only 1.4x,willow-qec;gidney
google-m6,Google,google-willow,within the decade,"1,000 logical (1e6 physical)",1e-13,—,qpe-p450,FEASIBLE,—,clears RSA-2048 on error and misses on qubits by only 1.4x,willow-qec;gidney
google-m6,Google,google-willow,within the decade,"1,000 logical (1e6 physical)",1e-13,—,shor-rsa2048,SHORT,x1.4 q,clears RSA-2048 on error and misses on qubits by only 1.4x,willow-qec;gidney
google-m6,Google,google-willow,within the decade,"1,000 logical (1e6 physical)",1e-13,—,qpe-catalyst,SHORT,x2.7 q / x16 err,clears RSA-2048 on error and misses on qubits by only 1.4x,willow-qec;gidney
google-m5,Google,google-willow,no date,100,1e-6,—,hubbard-lattice,SHORT,x1.3 q / x10 err,transcription of the milestone graphic is contested,willow-qec
google-m5,Google,google-willow,no date,100,1e-6,—,dynamics-trotter,SHORT,x2.3 q / x1e5 err,transcription of the milestone graphic is contested,willow-qec
google-m5,Google,google-willow,no date,100,1e-6,—,cuprate-pnictide,SHORT,x10 q / x100 err,transcription of the milestone graphic is contested,willow-qec
google-m5,Google,google-willow,no date,100,1e-6,—,shor-ecdlp256,SHORT,x12 q / x71 err,transcription of the milestone graphic is contested,willow-qec
google-m5,Google,google-willow,no date,100,1e-6,—,qpe-femoco,SHORT,"x15 q / x1,000 err",transcription of the milestone graphic is contested,willow-qec
google-m5,Google,google-willow,no date,100,1e-6,—,qpe-p450,SHORT,"x10 q / x1,667 err",transcription of the milestone graphic is contested,willow-qec
google-m5,Google,google-willow,no date,100,1e-6,—,shor-rsa2048,SHORT,"x14 q / x6,667 err",transcription of the milestone graphic is contested,willow-qec
google-m5,Google,google-willow,no date,100,1e-6,—,qpe-catalyst,SHORT,x27 q / x1.6e8 err,transcription of the milestone graphic is contested,willow-qec
quantinuum-apollo,Quantinuum,quantinuum-apollo,~2029-2030,"hundreds (100-1,000)","1e-6 published, as low as 1e-10 per literature analysis",1e6-1e9 (traded against qubit count),hubbard-lattice,FEASIBLE,at the optimistic end; x10 err at the published 1e-6,"the widest published range, which is also what makes it hard to falsify",qtm-tech
quantinuum-apollo,Quantinuum,quantinuum-apollo,~2029-2030,"hundreds (100-1,000)","1e-6 published, as low as 1e-10 per literature analysis",1e6-1e9 (traded against qubit count),dynamics-trotter,SHORT,x2.3 q at 100 logical; error passes at 1e-10,"the widest published range, which is also what makes it hard to falsify",qtm-tech
quantinuum-apollo,Quantinuum,quantinuum-apollo,~2029-2030,"hundreds (100-1,000)","1e-6 published, as low as 1e-10 per literature analysis",1e6-1e9 (traded against qubit count),cuprate-pnictide,FEASIBLE,"at 1,000 logical","the widest published range, which is also what makes it hard to falsify",qtm-tech
quantinuum-apollo,Quantinuum,quantinuum-apollo,~2029-2030,"hundreds (100-1,000)","1e-6 published, as low as 1e-10 per literature analysis",1e6-1e9 (traded against qubit count),shor-ecdlp256,SHORT,x1.2 q,"the widest published range, which is also what makes it hard to falsify",qtm-tech
quantinuum-apollo,Quantinuum,quantinuum-apollo,~2029-2030,"hundreds (100-1,000)","1e-6 published, as low as 1e-10 per literature analysis",1e6-1e9 (traded against qubit count),qpe-femoco,SHORT,x1.5-15 q,"the widest published range, which is also what makes it hard to falsify",qtm-tech
quantinuum-apollo,Quantinuum,quantinuum-apollo,~2029-2030,"hundreds (100-1,000)","1e-6 published, as low as 1e-10 per literature analysis",1e6-1e9 (traded against qubit count),qpe-p450,FEASIBLE,"at 1,000 logical and 1e-10","the widest published range, which is also what makes it hard to falsify",qtm-tech
quantinuum-apollo,Quantinuum,quantinuum-apollo,~2029-2030,"hundreds (100-1,000)","1e-6 published, as low as 1e-10 per literature analysis",1e6-1e9 (traded against qubit count),shor-rsa2048,SHORT,x1.4-14 q / x1.5 err / x6.5 gates,"the widest published range, which is also what makes it hard to falsify",qtm-tech
quantinuum-apollo,Quantinuum,quantinuum-apollo,~2029-2030,"hundreds (100-1,000)","1e-6 published, as low as 1e-10 per literature analysis",1e6-1e9 (traded against qubit count),qpe-catalyst,SHORT,x3-27 q / x1e5 err,"the widest published range, which is also what makes it hard to falsify",qtm-tech
ionq-2030,IonQ,ionq-superion-256,2030,"40,000-80,000 (from >2e6 physical)",<1e-12,—,hubbard-lattice,FEASIBLE,—,passes Rule F on every axis and still fails on wall-clock,ionq-roadmap;walkingcat
ionq-2030,IonQ,ionq-superion-256,2030,"40,000-80,000 (from >2e6 physical)",<1e-12,—,dynamics-trotter,FEASIBLE,—,passes Rule F on every axis and still fails on wall-clock,ionq-roadmap;walkingcat
ionq-2030,IonQ,ionq-superion-256,2030,"40,000-80,000 (from >2e6 physical)",<1e-12,—,cuprate-pnictide,FEASIBLE,—,passes Rule F on every axis and still fails on wall-clock,ionq-roadmap;walkingcat
ionq-2030,IonQ,ionq-superion-256,2030,"40,000-80,000 (from >2e6 physical)",<1e-12,—,shor-ecdlp256,FEASIBLE,—,passes Rule F on every axis and still fails on wall-clock,ionq-roadmap;walkingcat
ionq-2030,IonQ,ionq-superion-256,2030,"40,000-80,000 (from >2e6 physical)",<1e-12,—,qpe-femoco,FEASIBLE,—,passes Rule F on every axis and still fails on wall-clock,ionq-roadmap;walkingcat
ionq-2030,IonQ,ionq-superion-256,2030,"40,000-80,000 (from >2e6 physical)",<1e-12,—,qpe-p450,FEASIBLE,—,passes Rule F on every axis and still fails on wall-clock,ionq-roadmap;walkingcat
ionq-2030,IonQ,ionq-superion-256,2030,"40,000-80,000 (from >2e6 physical)",<1e-12,—,shor-rsa2048,FEASIBLE,passes every axis and still fails on wall-clock: ~11 yr at IonQ’s own 25.7 d / 4.0e7 Toffoli clock,passes Rule F on every axis and still fails on wall-clock,ionq-roadmap;walkingcat
ionq-2030,IonQ,ionq-superion-256,2030,"40,000-80,000 (from >2e6 physical)",<1e-12,—,qpe-catalyst,SHORT,x164 err,passes Rule F on every axis and still fails on wall-clock,ionq-roadmap;walkingcat
microsoft-l3,Microsoft,atom-computing-magne,no date,"1,000+",1e-12,>=1e6 rQOPS,hubbard-lattice,FEASIBLE,—,the only roadmap that specifies throughput rather than a count; the Level-3 figures are not in the cited post - not re-fetched,ms-logical
microsoft-l3,Microsoft,atom-computing-magne,no date,"1,000+",1e-12,>=1e6 rQOPS,dynamics-trotter,FEASIBLE,—,the only roadmap that specifies throughput rather than a count; the Level-3 figures are not in the cited post - not re-fetched,ms-logical
microsoft-l3,Microsoft,atom-computing-magne,no date,"1,000+",1e-12,>=1e6 rQOPS,cuprate-pnictide,FEASIBLE,—,the only roadmap that specifies throughput rather than a count; the Level-3 figures are not in the cited post - not re-fetched,ms-logical
microsoft-l3,Microsoft,atom-computing-magne,no date,"1,000+",1e-12,>=1e6 rQOPS,shor-ecdlp256,SHORT,x1.2 q,the only roadmap that specifies throughput rather than a count; the Level-3 figures are not in the cited post - not re-fetched,ms-logical
microsoft-l3,Microsoft,atom-computing-magne,no date,"1,000+",1e-12,>=1e6 rQOPS,qpe-femoco,SHORT,x1.5 q,the only roadmap that specifies throughput rather than a count; the Level-3 figures are not in the cited post - not re-fetched,ms-logical
microsoft-l3,Microsoft,atom-computing-magne,no date,"1,000+",1e-12,>=1e6 rQOPS,qpe-p450,FEASIBLE,—,the only roadmap that specifies throughput rather than a count; the Level-3 figures are not in the cited post - not re-fetched,ms-logical
microsoft-l3,Microsoft,atom-computing-magne,no date,"1,000+",1e-12,>=1e6 rQOPS,shor-rsa2048,SHORT,x1.4 q,the only roadmap that specifies throughput rather than a count; the Level-3 figures are not in the cited post - not re-fetched,ms-logical
microsoft-l3,Microsoft,atom-computing-magne,no date,"1,000+",1e-12,>=1e6 rQOPS,qpe-catalyst,SHORT,x2.7 q / x164 err,the only roadmap that specifies throughput rather than a count; the Level-3 figures are not in the cited post - not re-fetched,ms-logical
quera-phase3,QuEra,quera-libra,2026-2028,100 (Libra targets 256),"~1e-6 (""a million instructions without an error"")",~1e6,hubbard-lattice,SHORT,x1.3 q / x10 err,the roadmap figure and the Libra product figure differ,libra;quera-pq
quera-phase3,QuEra,quera-libra,2026-2028,100 (Libra targets 256),"~1e-6 (""a million instructions without an error"")",~1e6,dynamics-trotter,SHORT,x2.3 q / x1e5 err / x2.4 gates,the roadmap figure and the Libra product figure differ,libra;quera-pq
quera-phase3,QuEra,quera-libra,2026-2028,100 (Libra targets 256),"~1e-6 (""a million instructions without an error"")",~1e6,cuprate-pnictide,SHORT,x10 q / x100 err / x5 gates,the roadmap figure and the Libra product figure differ,libra;quera-pq
quera-phase3,QuEra,quera-libra,2026-2028,100 (Libra targets 256),"~1e-6 (""a million instructions without an error"")",~1e6,shor-ecdlp256,SHORT,x12 q / x71 err / x90 gates,the roadmap figure and the Libra product figure differ,libra;quera-pq
quera-phase3,QuEra,quera-libra,2026-2028,100 (Libra targets 256),"~1e-6 (""a million instructions without an error"")",~1e6,qpe-femoco,SHORT,"x15 q / x1,000 err / x999 gates",the roadmap figure and the Libra product figure differ,libra;quera-pq
quera-phase3,QuEra,quera-libra,2026-2028,100 (Libra targets 256),"~1e-6 (""a million instructions without an error"")",~1e6,qpe-p450,SHORT,"x10 q / x1,667 err / x1,700 gates",the roadmap figure and the Libra product figure differ,libra;quera-pq
quera-phase3,QuEra,quera-libra,2026-2028,100 (Libra targets 256),"~1e-6 (""a million instructions without an error"")",~1e6,shor-rsa2048,SHORT,"x14 q / x6,667 err / x6,500 gates",the roadmap figure and the Libra product figure differ,libra;quera-pq
quera-phase3,QuEra,quera-libra,2026-2028,100 (Libra targets 256),"~1e-6 (""a million instructions without an error"")",~1e6,qpe-catalyst,SHORT,x27 q / x1.6e8 err / x5.4e5 gates,the roadmap figure and the Libra product figure differ,libra;quera-pq
aliceandbob-graphene,Alice & Bob,aliceandbob-graphene,2030,100,"1e-6 (""99.9999%""); not on the cited roadmap page - not re-fetched",—,hubbard-lattice,SHORT,x1.3 q / x10 err,assumes a physical phase-flip rate of 1e-3 against ~1e-1 measured,ab-roadmap
aliceandbob-graphene,Alice & Bob,aliceandbob-graphene,2030,100,"1e-6 (""99.9999%""); not on the cited roadmap page - not re-fetched",—,dynamics-trotter,SHORT,x2.3 q / x1e5 err,assumes a physical phase-flip rate of 1e-3 against ~1e-1 measured,ab-roadmap
aliceandbob-graphene,Alice & Bob,aliceandbob-graphene,2030,100,"1e-6 (""99.9999%""); not on the cited roadmap page - not re-fetched",—,cuprate-pnictide,SHORT,x10 q / x100 err,assumes a physical phase-flip rate of 1e-3 against ~1e-1 measured,ab-roadmap
aliceandbob-graphene,Alice & Bob,aliceandbob-graphene,2030,100,"1e-6 (""99.9999%""); not on the cited roadmap page - not re-fetched",—,shor-ecdlp256,SHORT,x12 q / x71 err,assumes a physical phase-flip rate of 1e-3 against ~1e-1 measured,ab-roadmap
aliceandbob-graphene,Alice & Bob,aliceandbob-graphene,2030,100,"1e-6 (""99.9999%""); not on the cited roadmap page - not re-fetched",—,qpe-femoco,SHORT,"x15 q / x1,000 err",assumes a physical phase-flip rate of 1e-3 against ~1e-1 measured,ab-roadmap
aliceandbob-graphene,Alice & Bob,aliceandbob-graphene,2030,100,"1e-6 (""99.9999%""); not on the cited roadmap page - not re-fetched",—,qpe-p450,SHORT,"x10 q / x1,667 err",assumes a physical phase-flip rate of 1e-3 against ~1e-1 measured,ab-roadmap
aliceandbob-graphene,Alice & Bob,aliceandbob-graphene,2030,100,"1e-6 (""99.9999%""); not on the cited roadmap page - not re-fetched",—,shor-rsa2048,SHORT,"x14 q / x6,667 err",assumes a physical phase-flip rate of 1e-3 against ~1e-1 measured,ab-roadmap
aliceandbob-graphene,Alice & Bob,aliceandbob-graphene,2030,100,"1e-6 (""99.9999%""); not on the cited roadmap page - not re-fetched",—,qpe-catalyst,SHORT,x27 q / x1.6e8 err,assumes a physical phase-flip rate of 1e-3 against ~1e-1 measured,ab-roadmap
fujitsu-star,Fujitsu,fujitsu-10000q,2030 / 2035,"250 / 1,000 (from 1e4+ physical)",not published,—,hubbard-lattice,NOT EVALUABLE,qubits pass; no published logical error,"STAR is an analog-rotation architecture, so logical error per operation may not be the right parameter at all",star;star3;fujitsu-tqi
fujitsu-star,Fujitsu,fujitsu-10000q,2030 / 2035,"250 / 1,000 (from 1e4+ physical)",not published,—,dynamics-trotter,NOT EVALUABLE,qubits pass; no published logical error,"STAR is an analog-rotation architecture, so logical error per operation may not be the right parameter at all",star;star3;fujitsu-tqi
fujitsu-star,Fujitsu,fujitsu-10000q,2030 / 2035,"250 / 1,000 (from 1e4+ physical)",not published,—,cuprate-pnictide,NOT EVALUABLE,x4 q (2030); no published logical error,"STAR is an analog-rotation architecture, so logical error per operation may not be the right parameter at all",star;star3;fujitsu-tqi
fujitsu-star,Fujitsu,fujitsu-10000q,2030 / 2035,"250 / 1,000 (from 1e4+ physical)",not published,—,shor-ecdlp256,NOT EVALUABLE,"x5 q (2030), x1.2 q (2035); no published logical error","STAR is an analog-rotation architecture, so logical error per operation may not be the right parameter at all",star;star3;fujitsu-tqi
fujitsu-star,Fujitsu,fujitsu-10000q,2030 / 2035,"250 / 1,000 (from 1e4+ physical)",not published,—,qpe-femoco,NOT EVALUABLE,x6 q / x1.5 q; no published logical error,"STAR is an analog-rotation architecture, so logical error per operation may not be the right parameter at all",star;star3;fujitsu-tqi
fujitsu-star,Fujitsu,fujitsu-10000q,2030 / 2035,"250 / 1,000 (from 1e4+ physical)",not published,—,qpe-p450,NOT EVALUABLE,"x4 q (2030), qubits pass (2035); no published logical error","STAR is an analog-rotation architecture, so logical error per operation may not be the right parameter at all",star;star3;fujitsu-tqi
fujitsu-star,Fujitsu,fujitsu-10000q,2030 / 2035,"250 / 1,000 (from 1e4+ physical)",not published,—,shor-rsa2048,NOT EVALUABLE,x6 q / x1.4 q; no published logical error,"STAR is an analog-rotation architecture, so logical error per operation may not be the right parameter at all",star;star3;fujitsu-tqi
fujitsu-star,Fujitsu,fujitsu-10000q,2030 / 2035,"250 / 1,000 (from 1e4+ physical)",not published,—,qpe-catalyst,NOT EVALUABLE,x11 q / x3 q; no published logical error,"STAR is an analog-rotation architecture, so logical error per operation may not be the right parameter at all",star;star3;fujitsu-tqi
pasqal-2029,Pasqal,pasqal-orion,2029,200+,not published,—,hubbard-lattice,NOT EVALUABLE,qubits pass; no published logical error,"five deployed sites, a 200+-logical roadmap and no code family named anywhere public",pasqal-roadmap;pasqal-ec
pasqal-2029,Pasqal,pasqal-orion,2029,200+,not published,—,dynamics-trotter,NOT EVALUABLE,qubits pass; no published logical error,"five deployed sites, a 200+-logical roadmap and no code family named anywhere public",pasqal-roadmap;pasqal-ec
pasqal-2029,Pasqal,pasqal-orion,2029,200+,not published,—,cuprate-pnictide,NOT EVALUABLE,x5 q; no published logical error,"five deployed sites, a 200+-logical roadmap and no code family named anywhere public",pasqal-roadmap;pasqal-ec
pasqal-2029,Pasqal,pasqal-orion,2029,200+,not published,—,shor-ecdlp256,NOT EVALUABLE,x6 q; no published logical error,"five deployed sites, a 200+-logical roadmap and no code family named anywhere public",pasqal-roadmap;pasqal-ec
pasqal-2029,Pasqal,pasqal-orion,2029,200+,not published,—,qpe-femoco,NOT EVALUABLE,x8 q; no published logical error,"five deployed sites, a 200+-logical roadmap and no code family named anywhere public",pasqal-roadmap;pasqal-ec
pasqal-2029,Pasqal,pasqal-orion,2029,200+,not published,—,qpe-p450,NOT EVALUABLE,x5 q; no published logical error,"five deployed sites, a 200+-logical roadmap and no code family named anywhere public",pasqal-roadmap;pasqal-ec
pasqal-2029,Pasqal,pasqal-orion,2029,200+,not published,—,shor-rsa2048,NOT EVALUABLE,x7 q; no published logical error,"five deployed sites, a 200+-logical roadmap and no code family named anywhere public",pasqal-roadmap;pasqal-ec
pasqal-2029,Pasqal,pasqal-orion,2029,200+,not published,—,qpe-catalyst,NOT EVALUABLE,x14 q; no published logical error,"five deployed sites, a 200+-logical roadmap and no code family named anywhere public",pasqal-roadmap;pasqal-ec
nordquantique-2029,Nord Quantique,nordquantique-gkp,2028-2029,100 (path to 100+),not published,—,hubbard-lattice,NOT EVALUABLE,x1.3 q; no published logical error,the RSA-830-in-one-hour claim implies a logical clock far above anything published for bosonic hardware,nq-pq
nordquantique-2029,Nord Quantique,nordquantique-gkp,2028-2029,100 (path to 100+),not published,—,dynamics-trotter,NOT EVALUABLE,x2.3 q; no published logical error,the RSA-830-in-one-hour claim implies a logical clock far above anything published for bosonic hardware,nq-pq
nordquantique-2029,Nord Quantique,nordquantique-gkp,2028-2029,100 (path to 100+),not published,—,cuprate-pnictide,NOT EVALUABLE,x10 q; no published logical error,the RSA-830-in-one-hour claim implies a logical clock far above anything published for bosonic hardware,nq-pq
nordquantique-2029,Nord Quantique,nordquantique-gkp,2028-2029,100 (path to 100+),not published,—,shor-ecdlp256,NOT EVALUABLE,x12 q; no published logical error,the RSA-830-in-one-hour claim implies a logical clock far above anything published for bosonic hardware,nq-pq
nordquantique-2029,Nord Quantique,nordquantique-gkp,2028-2029,100 (path to 100+),not published,—,qpe-femoco,NOT EVALUABLE,x15 q; no published logical error,the RSA-830-in-one-hour claim implies a logical clock far above anything published for bosonic hardware,nq-pq
nordquantique-2029,Nord Quantique,nordquantique-gkp,2028-2029,100 (path to 100+),not published,—,qpe-p450,NOT EVALUABLE,x10 q; no published logical error,the RSA-830-in-one-hour claim implies a logical clock far above anything published for bosonic hardware,nq-pq
nordquantique-2029,Nord Quantique,nordquantique-gkp,2028-2029,100 (path to 100+),not published,—,shor-rsa2048,NOT EVALUABLE,"x14 q; the company claims RSA-830 in 1 h at ~1,000 logical, which is unverifiable as published",the RSA-830-in-one-hour claim implies a logical clock far above anything published for bosonic hardware,nq-pq
nordquantique-2029,Nord Quantique,nordquantique-gkp,2028-2029,100 (path to 100+),not published,—,qpe-catalyst,NOT EVALUABLE,x28 q; no published logical error,the RSA-830-in-one-hour claim implies a logical clock far above anything published for bosonic hardware,nq-pq
oqc-titan,OQC,oqc-genesis-16,2028,"200 (the ""2,000 lattice sites"" figure is not on the roadmap page)",1e-6,—,hubbard-lattice,SHORT,x10 err; 200 >= 130 passes on qubits,"the most aggressive logical-qubit schedule in the register; 1 MHz clock, 100 mm",oqc-roadmap;oqc-dimon
oqc-titan,OQC,oqc-genesis-16,2028,"200 (the ""2,000 lattice sites"" figure is not on the roadmap page)",1e-6,—,dynamics-trotter,SHORT,x1.1 q / x1e5 err,"the most aggressive logical-qubit schedule in the register; 1 MHz clock, 100 mm",oqc-roadmap;oqc-dimon
oqc-titan,OQC,oqc-genesis-16,2028,"200 (the ""2,000 lattice sites"" figure is not on the roadmap page)",1e-6,—,cuprate-pnictide,SHORT,x5 q / x100 err,"the most aggressive logical-qubit schedule in the register; 1 MHz clock, 100 mm",oqc-roadmap;oqc-dimon
oqc-titan,OQC,oqc-genesis-16,2028,"200 (the ""2,000 lattice sites"" figure is not on the roadmap page)",1e-6,—,shor-ecdlp256,SHORT,x6 q / x71 err,"the most aggressive logical-qubit schedule in the register; 1 MHz clock, 100 mm",oqc-roadmap;oqc-dimon
oqc-titan,OQC,oqc-genesis-16,2028,"200 (the ""2,000 lattice sites"" figure is not on the roadmap page)",1e-6,—,qpe-femoco,SHORT,"x7.3 q / x1,000 err","the most aggressive logical-qubit schedule in the register; 1 MHz clock, 100 mm",oqc-roadmap;oqc-dimon
oqc-titan,OQC,oqc-genesis-16,2028,"200 (the ""2,000 lattice sites"" figure is not on the roadmap page)",1e-6,—,qpe-p450,SHORT,"x5 q / x1,667 err","the most aggressive logical-qubit schedule in the register; 1 MHz clock, 100 mm",oqc-roadmap;oqc-dimon
oqc-titan,OQC,oqc-genesis-16,2028,"200 (the ""2,000 lattice sites"" figure is not on the roadmap page)",1e-6,—,shor-rsa2048,SHORT,"x7 q / x6,667 err","the most aggressive logical-qubit schedule in the register; 1 MHz clock, 100 mm",oqc-roadmap;oqc-dimon
oqc-titan,OQC,oqc-genesis-16,2028,"200 (the ""2,000 lattice sites"" figure is not on the roadmap page)",1e-6,—,qpe-catalyst,SHORT,x14 q / x1.6e8 err,"the most aggressive logical-qubit schedule in the register; 1 MHz clock, 100 mm",oqc-roadmap;oqc-dimon
dwave-2032,D-Wave,dwave-dualrail-17,2030 / 2032,10 / 100,1e-6 derived from G_R (Rule F clause 2); not published directly (target Lambda ~10 per distance increment),>1e6 successful operations,hubbard-lattice,SHORT,x1.3 q / x10 err; eps_R derived from G_R (Rule F clause 2),"no code family named anywhere, so the target Lambda is uncheckable; Rule F is applied at the 2032 figure of 100 logical qubits",dwave-gate
dwave-2032,D-Wave,dwave-dualrail-17,2030 / 2032,10 / 100,1e-6 derived from G_R (Rule F clause 2); not published directly (target Lambda ~10 per distance increment),>1e6 successful operations,dynamics-trotter,SHORT,x2.3 q / x1e5 err / x2.4 gates; eps_R derived from G_R (Rule F clause 2),"no code family named anywhere, so the target Lambda is uncheckable; Rule F is applied at the 2032 figure of 100 logical qubits",dwave-gate
dwave-2032,D-Wave,dwave-dualrail-17,2030 / 2032,10 / 100,1e-6 derived from G_R (Rule F clause 2); not published directly (target Lambda ~10 per distance increment),>1e6 successful operations,cuprate-pnictide,SHORT,x10 q / x100 err / x5 gates; eps_R derived from G_R (Rule F clause 2),"no code family named anywhere, so the target Lambda is uncheckable; Rule F is applied at the 2032 figure of 100 logical qubits",dwave-gate
dwave-2032,D-Wave,dwave-dualrail-17,2030 / 2032,10 / 100,1e-6 derived from G_R (Rule F clause 2); not published directly (target Lambda ~10 per distance increment),>1e6 successful operations,shor-ecdlp256,SHORT,x12 q / x71 err / x90 gates; eps_R derived from G_R (Rule F clause 2),"no code family named anywhere, so the target Lambda is uncheckable; Rule F is applied at the 2032 figure of 100 logical qubits",dwave-gate
dwave-2032,D-Wave,dwave-dualrail-17,2030 / 2032,10 / 100,1e-6 derived from G_R (Rule F clause 2); not published directly (target Lambda ~10 per distance increment),>1e6 successful operations,qpe-femoco,SHORT,"x15 q / x1,000 err / x999 gates; eps_R derived from G_R (Rule F clause 2)","no code family named anywhere, so the target Lambda is uncheckable; Rule F is applied at the 2032 figure of 100 logical qubits",dwave-gate
dwave-2032,D-Wave,dwave-dualrail-17,2030 / 2032,10 / 100,1e-6 derived from G_R (Rule F clause 2); not published directly (target Lambda ~10 per distance increment),>1e6 successful operations,qpe-p450,SHORT,"x10 q / x1,667 err / x1,700 gates; eps_R derived from G_R (Rule F clause 2)","no code family named anywhere, so the target Lambda is uncheckable; Rule F is applied at the 2032 figure of 100 logical qubits",dwave-gate
dwave-2032,D-Wave,dwave-dualrail-17,2030 / 2032,10 / 100,1e-6 derived from G_R (Rule F clause 2); not published directly (target Lambda ~10 per distance increment),>1e6 successful operations,shor-rsa2048,SHORT,"x14 q / x6,667 err / x6,500 gates; eps_R derived from G_R (Rule F clause 2)","no code family named anywhere, so the target Lambda is uncheckable; Rule F is applied at the 2032 figure of 100 logical qubits",dwave-gate
dwave-2032,D-Wave,dwave-dualrail-17,2030 / 2032,10 / 100,1e-6 derived from G_R (Rule F clause 2); not published directly (target Lambda ~10 per distance increment),>1e6 successful operations,qpe-catalyst,SHORT,x27 q / x1.6e8 err / x5.4e5 gates; eps_R derived from G_R (Rule F clause 2),"no code family named anywhere, so the target Lambda is uncheckable; Rule F is applied at the 2032 figure of 100 logical qubits",dwave-gate
psiquantum-2033,PsiQuantum,psiquantum-omega,2028-2033,not published (1e6 physical),not published,—,hubbard-lattice,NOT EVALUABLE,no logical-qubit target and no logical error published,"no machine names, dates or qubit targets published",psiq-pq
psiquantum-2033,PsiQuantum,psiquantum-omega,2028-2033,not published (1e6 physical),not published,—,dynamics-trotter,NOT EVALUABLE,no logical-qubit target and no logical error published,"no machine names, dates or qubit targets published",psiq-pq
psiquantum-2033,PsiQuantum,psiquantum-omega,2028-2033,not published (1e6 physical),not published,—,cuprate-pnictide,NOT EVALUABLE,no logical-qubit target and no logical error published,"no machine names, dates or qubit targets published",psiq-pq
psiquantum-2033,PsiQuantum,psiquantum-omega,2028-2033,not published (1e6 physical),not published,—,shor-ecdlp256,NOT EVALUABLE,no logical-qubit target and no logical error published,"no machine names, dates or qubit targets published",psiq-pq
psiquantum-2033,PsiQuantum,psiquantum-omega,2028-2033,not published (1e6 physical),not published,—,qpe-femoco,NOT EVALUABLE,no logical-qubit target and no logical error published,"no machine names, dates or qubit targets published",psiq-pq
psiquantum-2033,PsiQuantum,psiquantum-omega,2028-2033,not published (1e6 physical),not published,—,qpe-p450,NOT EVALUABLE,their own P450 estimate is self-consistent by construction - circular,"no machine names, dates or qubit targets published",psiq-pq
psiquantum-2033,PsiQuantum,psiquantum-omega,2028-2033,not published (1e6 physical),not published,—,shor-rsa2048,NOT EVALUABLE,no logical-qubit target and no logical error published,"no machine names, dates or qubit targets published",psiq-pq
psiquantum-2033,PsiQuantum,psiquantum-omega,2028-2033,not published (1e6 physical),not published,—,qpe-catalyst,NOT EVALUABLE,no logical-qubit target and no logical error published,"no machine names, dates or qubit targets published",psiq-pq
xanadu-2029,Xanadu,xanadu-aurora,2029,not published,not published,—,hubbard-lattice,NOT EVALUABLE,nothing published,the roadmap page carries financial content only,xanadu-zeit
xanadu-2029,Xanadu,xanadu-aurora,2029,not published,not published,—,dynamics-trotter,NOT EVALUABLE,nothing published,the roadmap page carries financial content only,xanadu-zeit
xanadu-2029,Xanadu,xanadu-aurora,2029,not published,not published,—,cuprate-pnictide,NOT EVALUABLE,nothing published,the roadmap page carries financial content only,xanadu-zeit
xanadu-2029,Xanadu,xanadu-aurora,2029,not published,not published,—,shor-ecdlp256,NOT EVALUABLE,nothing published,the roadmap page carries financial content only,xanadu-zeit
xanadu-2029,Xanadu,xanadu-aurora,2029,not published,not published,—,qpe-femoco,NOT EVALUABLE,nothing published,the roadmap page carries financial content only,xanadu-zeit
xanadu-2029,Xanadu,xanadu-aurora,2029,not published,not published,—,qpe-p450,NOT EVALUABLE,nothing published,the roadmap page carries financial content only,xanadu-zeit
xanadu-2029,Xanadu,xanadu-aurora,2029,not published,not published,—,shor-rsa2048,NOT EVALUABLE,nothing published,the roadmap page carries financial content only,xanadu-zeit
xanadu-2029,Xanadu,xanadu-aurora,2029,not published,not published,—,qpe-catalyst,NOT EVALUABLE,nothing published,the roadmap page carries financial content only,xanadu-zeit
